<?xml version="1.0" encoding="UTF-8"?>
<Window size="308,228" caption="0,0,0,40" roundcorner="8,8" >
	<Default name="VScrollBar" value="button1normalimage=&quot;file='scrollbar.bmp' source='0,90,16,106' mask='#FFFF00FF'&quot; button1hotimage=&quot;file='scrollbar.bmp' source='18,90,34,106' mask='#FFFF00FF'&quot; button1pushedimage=&quot;file='scrollbar.bmp' source='36,90,52,106' mask='#FFFF00FF'&quot; button1disabledimage=&quot;file='scrollbar.bmp' source='54,90,70,106' mask='#FFFF00FF'&quot; button2normalimage=&quot;file='scrollbar.bmp' source='0,108,16,124' mask='#FFFF00FF'&quot; button2hotimage=&quot;file='scrollbar.bmp' source='18,108,34,124' mask='#FFFF00FF'&quot; button2pushedimage=&quot;file='scrollbar.bmp' source='36,108,52,124' mask='#FFFF00FF'&quot; button2disabledimage=&quot;file='scrollbar.bmp' source='54,108,70,124' mask='#FFFF00FF'&quot; thumbnormalimage=&quot;file='scrollbar.bmp' source='0,126,16,142' corner='2,2,2,2' mask='#FFFF00FF'&quot; thumbhotimage=&quot;file='scrollbar.bmp' source='18,126,34,142' corner='2,2,2,2' mask='#FFFF00FF'&quot; thumbpushedimage=&quot;file='scrollbar.bmp' source='36,126,52,142' corner='2,2,2,2' mask='#FFFF00FF'&quot; thumbdisabledimage=&quot;file='scrollbar.bmp' source='54,126,70,142' corner='2,2,2,2' mask='#FFFF00FF'&quot; railnormalimage=&quot;file='scrollbar.bmp' source='0,144,16,160' corner='2,2,2,2' mask='#FFFF00FF'&quot; railhotimage=&quot;file='scrollbar.bmp' source='18,144,34,160' corner='2,2,2,2' mask='#FFFF00FF'&quot; railpushedimage=&quot;file='scrollbar.bmp' source='36,144,52,160' corner='2,2,2,2' mask='#FFFF00FF'&quot; raildisabledimage=&quot;file='scrollbar.bmp' source='54,144,70,160' corner='2,2,2,2' mask='#FFFF00FF'&quot; bknormalimage=&quot;file='scrollbar.bmp' source='0,162,16,178' corner='2,2,2,2' mask='#FFFF00FF'&quot; bkhotimage=&quot;file='scrollbar.bmp' source='18,162,34,178' corner='2,2,2,2' mask='#FFFF00FF'&quot; bkpushedimage=&quot;file='scrollbar.bmp' source='36,162,52,178' corner='2,2,2,2' mask='#FFFF00FF'&quot; bkdisabledimage=&quot;file='scrollbar.bmp' source='54,162,70,178' corner='2,2,2,2' mask='#FFFF00FF'&quot; " />
	<VerticalLayout inset="4,0,4,4" bkcolor="#FF60B1FE" bordercolor="#FF1B4876" bordersize="1" >
		<Control height="1" bkcolor="#FF1B4876" />
		<Control height="2" bkcolor="#FFD1EDFF" />
		<HorizontalLayout height="26" inset="2,2,2,0" bkcolor="#FF8DD3FF" bkcolor2="#FF60B1FE">
			<Label text="游戏登录" width="80" />
			<Control />
			<Button name="closebtn" width="42" maxheight="18" tooltip="点击这里直接退出游戏" normalimage="file='frame_btn_close_normal.bmp' mask='#FFFF00FF'" hotimage="file='frame_btn_close_hot.bmp' mask='#FFFF00FF'" pushedimage="file='frame_btn_close_down.bmp' mask='#FFFF00FF'"/>
		</HorizontalLayout>
		<Control height="60" bkcolor="#FFFF0000" />
		<Progress height="10" bkcolor="#FFF8B343" />
		<Container bkcolor="#FFFFFFFF" >
			<Label text="账号：" float="true" pos="10, 20, 78, 42" />
			<Combo name="accountcombo" float="true" pos="80, 20, 220, 42" tooltip="请点击这里选择您准备使用的账号" normalimage="file='Combo_nor.bmp' corner='2,2,24,2'"  >
				<ListLabelElement text="张三" selected="true" />
				<ListLabelElement text="李四" />
			</Combo>
			<Button text="{u}{a}注册账号{/a}{/u}" showhtml="true" float="true" pos="230, 20, 300, 42" tooltip="如果你还没有账号，请点击注册一个账号" />
			<Edit name="accountedit" float="true" pos="80, 21, 200, 41" tooltip="请在这里输入您的账号" />
			<Label text="密码：" float="true" pos="10, 55, 78, 75" />
			<Edit name="pwdedit" float="true" pos="80, 55, 220, 75" password="true" tooltip="请在这里输入您的密码" />
			<Button text="{u}{a}找回密码{/a}{/u}" showhtml="true" float="true" pos="230, 55, 300, 75" tooltip="如果你忘记了密码，请点击找回密码"/>
			<Button name="loginBtn" text="登录" float="true" pos="180, 80, 240, 100" tooltip="点击这里登录游戏" normalimage="button_nor.bmp" hotimage="button_over.bmp" pushedimage="button_down.bmp"/>
		</Container>
    </VerticalLayout>
</Window>