<?xml version="1.0" encoding="utf-8"?>
<Window size="360,600" mininfo="360,600" maxinfo="600,0" caption="0,0,0,40" sizebox="4,4,4,4" roundcorner="4,4,4,4">
  <Font name="微软雅黑" size="12" bold="false" default="true" />
  <Font name="微软雅黑" size="12" bold="true"/>
  <Default name="VScrollBar" value="button1normalimage=&quot;file='scrollbar.png' source='0,0,16,16'&quot; button1hotimage=&quot;file='scrollbar.png' source='16,0,32,16,16'&quot; button1pushedimage=&quot;file='scrollbar.png' source='32,0,48,16'&quot; button2normalimage=&quot;file='scrollbar.png' source='0,32,16,48'&quot; button2hotimage=&quot;file='scrollbar.png' source='16,32,32,48'&quot; button2pushedimage=&quot;file='scrollbar.png' source='32,32,48,48'&quot; thumbnormalimage=&quot;file='scrollbar.png' source='0,48,16,64' corner='0,2,0,2'&quot; thumbhotimage=&quot;file='scrollbar.png' source='16,48,32,64' corner='0,2,0,2'&quot; thumbpushedimage=&quot;file='scrollbar.png' source='32,48,48,64' corner='0,2,0,2'&quot; bknormalimage=&quot;file='scrollbar.png' source='0,16,16,32'&quot;" />
  <HorizontalLayout name="bg" bkimage="file='bg0.png' corner='600,200,1,1'" hole="true">
    <VerticalLayout bkimage="file='border.png' corner='5,5,5,5'" inset="1,0,1,1" hole="true">
      <HorizontalLayout height="22">
        <VerticalLayout width="60" inset="2,2,0,0">
          <Label text="QQ2011" textcolor="#FFFFFFFF"/>
        </VerticalLayout>
        <VerticalLayout />
        <VerticalLayout width="104">
          <Button name="minbtn" float="true" pos="0,0,28,19" width="28" height="19" maxheight="19" maxwidth="28"  normalimage="file='btn_mini_normal.png'" hotimage="btn_mini_highlight.png" pushedimage="btn_mini_down.png"  />
          <Button name="maxbtn" float="true" pos="28,0,56,19" width="28" height="19" maxheight="19" maxwidth="28"  normalimage="file='btn_max_normal.png'" hotimage="btn_max_highlight.png" pushedimage="btn_max_down.png"  />
          <Button name="restorebtn" visible="false" float="true" pos="28,0,56,19" width="28" height="19" maxheight="19" maxwidth="28"  normalimage="file='btn_restore_normal.png'" hotimage="btn_restore_highlight.png" pushedimage="btn_restore_down.png"  />
          <Button name="closebtn" float="true" pos="56,0,95,19" width="39" height="19" maxheight="19" maxwidth="39"  normalimage="file='btn_close_normal.png'" hotimage="btn_close_highlight.png" pushedimage="btn_close_down.png"  />
        </VerticalLayout>
      </HorizontalLayout>
      <HorizontalLayout height="58">
        <VerticalLayout width="70" inset="5,0,0,0">
          <Button width="58" height="58" bkimage="file='man_big.png'" />
        </VerticalLayout>
        <VerticalLayout inset="0,6,0,4">
          <HorizontalLayout height="22">
            <Text text="tojen" textcolor="#FFFFFFFF" font="1" />
            <Control width="10" />
            <Button width="40" height="20" bkimage="file='icon_a.png' dest='3,3,17,17'" hotimage="file='btn_hot.png' corner='2,8,2,2'" />
          </HorizontalLayout>
          <HorizontalLayout>
            <Button name="signaturetip" height="23" textpadding="4,0,4,0" textcolor="#FFFFFFFF" text="编辑个性签名" align="left" hotimage="file='btn_hot.png' corner='2,8,2,2'" />
            <RichEdit name="signature" inset="4,2,2,2" bordercolor="#FFCCCCCC" bordersize="1" visible="false" bkcolor="#FFFFFFFF" height="22" text="编辑个性签名" multiline="false" rich="false"/>
          </HorizontalLayout>
        </VerticalLayout>
        <VerticalLayout width="60" inset="4,4,4,4">
          <Button width="48" height="48" bkimage="file='s_a1.png'" />
        </VerticalLayout>
      </HorizontalLayout>
      <VerticalLayout height="22">
        <HorizontalLayout>
          <HorizontalLayout width="72" height="18" padding="5,0,0,0">
            <Button bkimage="file='friend_circle.png' mask='0xffffffff'" textcolor="#FF000000" disabledtextcolor="#FFA7A6AA" align="center" normalimage="file='friend_circle.png' mask='0xffffffff'" hotimage="file='allbtn_over.png' corner='2,2,2,2' mask='0xffffffff'" pushedimage="file='allbtn_down.png' corner='2,2,2,2'  mask='0xffffffff'" />
            <Button bkimage="file='mail.png' mask='0xffffffff'" textcolor="#FF000000" disabledtextcolor="#FFA7A6AA" align="center" normalimage="file='mail.png' mask='0xffffffff'" hotimage="file='allbtn_over.png' corner='2,2,2,2' mask='0xffffffff'" pushedimage="file='allbtn_down.png' corner='2,2,2,2'  mask='0xffffffff'" />
            <Button bkimage="file='MainPanelServiceBarExt_XiaoYou.png' mask='0xffffffff'" textcolor="#FF000000" disabledtextcolor="#FFA7A6AA" align="center" normalimage="file='MainPanelServiceBarExt_XiaoYou.png' mask='0xffffffff'" hotimage="file='allbtn_over.png' mask='0xffffffff'" pushedimage="file='allbtn_down.png' mask='0xffffffff'" />
            <Button bkimage="file='soso.png' mask='0xffffffff'" textcolor="#FF000000" disabledtextcolor="#FFA7A6AA" align="center" normalimage="file='soso.png' mask='0xffffffff'" hotimage="file='allbtn_over.png' corner='2,2,2,2' mask='0xffffffff'" pushedimage="file='allbtn_down.png' corner='2,2,2,2'  mask='0xffffffff'" />
          </HorizontalLayout>
          <HorizontalLayout />
          <HorizontalLayout height="22" width="72" inset="0,0,0,2">
            <Button showhtml="true" height="20" width="24" text="{i MsgBox.png}{/i}" hotimage="file='btn_hot.png' corner='2,8,2,2'" />
            <Button name="bkskinbtn" showhtml="true" height="20" width="24" text="{i skin.png}{/i}" hotimage="file='btn_hot.png' corner='2,8,2,2'" />
            <Button name="colorskinbtn" height="20" width="24" bkimage="file='colour.png' mask='0xffffffff'" textcolor="#FF000000" disabledtextcolor="#FFA7A6AA" align="center" normalimage="file='colour.png' mask='0xffffffff'" hotimage="file='allbtn_over.png' mask='0xffffffff'" pushedimage="file='allbtn_down.png' mask='0xffffffff'" />
          </HorizontalLayout>
        </HorizontalLayout>
      </VerticalLayout>
      <HorizontalLayout height="27" bkimage="file='search_bk.png'">
        <Button name="search_tip" height="27" textpadding="4,2,4,3" text="搜索联系人，网页信息和问问答案" align="left" />
        <RichEdit visible="false" name="search_edit" inset="4,4,4,3" height="27" text="搜索联系人，网页信息和问问答案" multiline="false" rich="false" />
        <Button name="searchbtn" showhtml="true" height="27" width="24" text="{i search_btn.png}{/i}" />
      </HorizontalLayout>
      <VerticalLayout bkimage="file='glow.png' corner='2,2,2,2'" inset="0,4,0,0">
        <HorizontalLayout height="26" padding="40, 0, 0, 0" inset="4,0,4,0">
          <Option name="friendbtn" selected="true" group="true" text="联系人" selectedimage="file='tab_btn.png'" width="70" height="26" />
          <Option name="groupbtn" group="true" text="群/讨论组" selectedimage="file='tab_btn.png'" width="70" height="26" />
          <Option name="microblogbtn" group="true" text="微博" selectedimage="file='tab_btn.png'" width="70" height="26" />
        </HorizontalLayout>
        <HorizontalLayout inset="0,0,0,0">
          <HorizontalLayout pos="0,0,1,0" width="1" inset="0,0,0,0" />
          <VerticalLayout name="LeftMainPanel" width="35" inset="0,0,0,0">
            <VerticalLayout width="29" bkimage="file='bjLeftPanel.png' corner='2,100,2,2'" padding="5,0,0,0">
              <Label height="5" />
              <Button width="24" height="24" bkimage="file='mainleft_Qzonebtn24_qzonebtn1.png' mask='0xffffffff'" textcolor="#FF000000" disabledtextcolor="#FFA7A6AA" align="center" normalimage="file='mainleft_Qzonebtn24_qzonebtn1.png' mask='0xffffffff'" hotimage="file='allbtn_over.png' mask='0xffffffff'" pushedimage="file='allbtn_down.png' mask='0xffffffff'" />
              <Label height="5" />
              <Button width="24" height="24" bkimage="file='mainleft_QQTradeCenter1.png' mask='0xffffffff'" textcolor="#FF000000" disabledtextcolor="#FFA7A6AA" align="center" normalimage="file='mainleft_QQTradeCenter1.png' mask='0xffffffff'" hotimage="file='allbtn_over.png' mask='0xffffffff'" pushedimage="file='allbtn_down.png' mask='0xffffffff'" />
              <Label height="5" />
              <Button width="24" height="24" bkimage="file='paipai1.png' mask='0xffc0c0c0'" textcolor="#FF000000" disabledtextcolor="#FFA7A6AA" align="center" normalimage="file='paipai1.png' mask='0xffc0c0c0'" hotimage="file='allbtn_over.png' mask='0xffc0c0c0'" pushedimage="file='allbtn_down.png' mask='0xffc0c0c0'" />
              <Label height="5" />
              <Button width="24" height="24" bkimage="file='PaiPaiChongzhi1.png' mask='0xffffffff'" textcolor="#FF000000" disabledtextcolor="#FFA7A6AA" align="center" normalimage="file='PaiPaiChongzhi1.png' mask='0xffffffff'" hotimage="file='allbtn_over.png' mask='0xffffffff'" pushedimage="file='allbtn_down.png' mask='0xffffffff'" />
              <Label height="5" />
              <Button width="24" height="24" bkimage="file='add.png' mask='0xffffffff'" textcolor="#FF000000" disabledtextcolor="#FFA7A6AA" align="center" normalimage="file='add.png' mask='0xffffffff'" hotimage="file='allbtn_over.png' mask='0xffffffff'" pushedimage="file='allbtn_down.png' mask='0xffffffff'" />
              <Label height="5" />
            </VerticalLayout>
          </VerticalLayout>
          <TabLayout name="tabs" bkimage="file='list_bk.png'">
            <HorizontalLayout>
              <FriendList name="friends" header="hidden" itemshowhtml="true" vscrollbar="true"  />
            </HorizontalLayout>
            <HorizontalLayout>
              <GroupList name="groups" header="hidden" itemshowhtml="true" vscrollbar="true"  />
            </HorizontalLayout>
            <HorizontalLayout>
              <MicroBlog name="microblog" header="hidden" itemshowhtml="true" vscrollbar="true"  />
            </HorizontalLayout>
          </TabLayout>
          <HorizontalLayout width="1" inset="0,1,1,0">
          </HorizontalLayout>
        </HorizontalLayout>
      </VerticalLayout>
      <VerticalLayout height="90">
        <VerticalLayout height="20" padding="5,10,0,0">
          <HorizontalLayout>
            <Button padding="5,0,0,0" name="btnleft" width="18" height="18" textcolor="#FF000000" disabledtextcolor="#FFA7A6AA" align="center" normalimage="file='main_tabbtn_leftnormal.png' mask='0xffffffff'" hotimage="file='main_tabbtn_lefthighlight.png' mask='0xffffffff'" pushedimage="file='main_tabbtn_lefthighlight.png' mask='0xffffffff'" />
            <Button padding="5,0,0,0" name="btnright" visible="false" width="18" height="18" textcolor="#FF000000" disabledtextcolor="#FFA7A6AA" align="center" normalimage="file='main_tabbtn_rightnormal.png' mask='0xffffffff'" hotimage="file='main_tabbtn_righthighlight.png' mask='0xffffffff'" pushedimage="file='main_tabbtn_righthighlight.png' mask='0xffffffff'" />
            <Container width="20" />
            <Button width="20" height="20" bkimage="file='Wireless.png' mask='0xffffffff'" textcolor="#FF000000" disabledtextcolor="#FFA7A6AA" align="center" normalimage="file='Wireless.png' mask='0xffffffff'" hotimage="file='allbtn_over.png' corner='2,2,2,2' mask='0xffffffff'" pushedimage="file='allbtn_down.png' corner='2,2,2,2' mask='0xffffffff'" />
            <Button width="20" height="20" bkimage="file='game.png' mask='0xffffffff'" textcolor="#FF000000" disabledtextcolor="#FFA7A6AA" align="center" normalimage="file='game.png' mask='0xffffffff'" hotimage="file='allbtn_over.png' mask='0xffffffff'" pushedimage="file='allbtn_down.png' mask='0xffffffff'" />
            <Button width="20" height="20" bkimage="file='pet.png' mask='0xffffffff'" textcolor="#FF000000" disabledtextcolor="#FFA7A6AA" align="center" normalimage="file='pet.png' mask='0xffffffff'" hotimage="file='allbtn_over.png' mask='0xffffffff'" pushedimage="file='allbtn_down.png' mask='0xffffffff'" />
            <Button width="20" height="20" bkimage="file='live.png' mask='0xffffffff'" textcolor="#FF000000" disabledtextcolor="#FFA7A6AA" align="center" normalimage="file='live.png' mask='0xffc0c0c0'" hotimage="file='allbtn_over.png' mask='0xffc0c0c0'" pushedimage="file='allbtn_down.png' mask='0xffc0c0c0'" />
            <Button width="20" height="20" bkimage="file='music.png' mask='0xffffffff'" textcolor="#FF000000" disabledtextcolor="#FFA7A6AA" align="center" normalimage="file='music.png' mask='0xffffffff'" hotimage="file='allbtn_over.png' mask='0xffffffff'" pushedimage="file='allbtn_down.png' mask='0xffffffff'" />
          </HorizontalLayout>
        </VerticalLayout>

        <VerticalLayout height="50" padding="5,10,0,0">
          <HorizontalLayout>
            <HorizontalLayout>
              <Button name="MainMenu" width="40" height="40" textcolor="#FF000000" disabledtextcolor="#FFA7A6AA" align="center" normalimage="file='menu_btn_normal.png' mask='0xffffffff'" hotimage="file='menu_btn_highlight.png' mask='0x00000000'" pushedimage="file='menu_btn_highlight.png' mask='0xffff00ff'" />
              <Button width="20" padding="0, 10, 0, 0" height="20" bkimage="file='Tools.png' mask='0xffffffff'" textcolor="#FF000000" disabledtextcolor="#FFA7A6AA" align="center" normalimage="file='Tools.png' mask='0xffffffff'" hotimage="file='allbtn_over.png' mask='0xffffffff'" pushedimage="file='allbtn_down.png' mask='0xffffffff'" />
              <Button width="20" padding="0, 10, 0, 0" height="20" bkimage="file='QQSafe.png' mask='0xff000000'" textcolor="#FF000000" disabledtextcolor="#FFA7A6AA" align="center" normalimage="file='QQSafe.png' mask='0xffffffff'" hotimage="file='allbtn_over.png' mask='0xffffffff'" pushedimage="file='allbtn_down.png' mask='0xffffffff'" />
              <Button width="20" padding="0, 10, 0, 0" height="20" bkimage="file='message.png' mask='0xffffffff'" textcolor="#FF000000" disabledtextcolor="#FFA7A6AA" align="center" normalimage="file='message.png' mask='0xffffffff'" hotimage="file='allbtn_over.png' mask='0xffffffff'" pushedimage="file='allbtn_down.png' mask='0xffffffff'" />
            </HorizontalLayout>
            <HorizontalLayout />
            <HorizontalLayout width="22" padding="0, 9, 10, 0">
              <Option name="AppGrid" width="22" height="22" visible="false" bordersize="0" bkimage="file='AppBox_grid.png' mask='0xffffffff'" bordercolor="#FF768D9B" textpadding="0,0,0,2" textcolor="#FFFF0000" disabledtextcolor="#FFA7A6AA" align="center" normalimage="file='allbtn_over.png' mask='0xffffffff'" hotimage="file='allbtn_over.png' mask='0xffffffff'" pushedimage="file='allbtn_down.png' mask='0xffffffff'" group="quickbar" selected="true" selectedtextcolor="#FFFF0000" selectedimage="file='allbtn_down.png' mask='0xffffffff'" />
              <Option name="AppHome" width="22" height="22" bordersize="0" bkimage="file='AppBox_Home.png' mask='0xffffffff'" bordercolor="#FF768D9B" textpadding="0,0,0,2" textcolor="#FFFF0000" disabledtextcolor="#FFA7A6AA" align="center" normalimage="file='allbtn_nor.png' mask='0xffffffff'" hotimage="file='allbtn_over.png' mask='0xffffffff'" pushedimage="file='allbtn_down.png' mask='0xffffffff'" group="quickbar" selectedtextcolor="#FFFF0000" selectedimage="file='allbtn_down.png' mask='0xffffffff'" />
            </HorizontalLayout>
          </HorizontalLayout>
        </VerticalLayout>
      </VerticalLayout>
    </VerticalLayout>
  </HorizontalLayout>
</Window>
