<?xml version="1.0" encoding="utf-8"?>
<Window bktrans="true" size="120,82">
 <Font name="宋体" size="13" bold="false"/>
 <Font name="宋体" size="12"/>
<VerticalLayout bkimage="file='menu_bk.png' corner='40,8,8,8'" hole="false">
	<List header="hidden" inset="8,8,8,8" itemhotimage="file='menu_hot_bk.png' corner='2,2,2,2'" itemdisabledbkcolor="#20000000">
		<ListContainerElement name="menu_Open" height="22" inset="40,0,0,0">
			<Label text="打开"/>
		</ListContainerElement>
		<ListContainerElement name="menu_Mark" height="22" inset="40,0,0,0">
			<Label text="标注"/>
		</ListContainerElement>
		<ListContainerElement name="menu_Delete" height="22" inset="40,0,0,0">
			<Label text="删除"/>
		</ListContainerElement>
	</List>
</VerticalLayout>
</Window>